lora_rank,learning_rate,num_epochs,lora_dropout,eval_loss_mean,eval_loss_std,perplexity_mean,n_runs
4,5e-05,2,0.0,1.020053219795227,0.014884982768479861,2.773588389949776,5
4,5e-05,2,0.05,1.0206387042999268,0.015254317311974096,2.7752251961384613,5
4,5e-05,2,0.1,1.0203365087509155,0.015627032021229635,2.7743994907667613,5
4,5e-05,3,0.0,0.986505925655365,0.015246988323518916,2.6820972705991615,5
4,5e-05,3,0.05,0.9872244715690612,0.015606179330326006,2.6840371341260565,5
4,5e-05,3,0.1,0.9872194170951843,0.016422707284546697,2.6840517275029065,5
4,5e-05,5,0.0,0.9681867957115173,0.01634937192902864,2.633447935237,5
4,5e-05,5,0.05,0.9675277352333069,0.017228242494167382,2.6317441472740937,5
4,5e-05,5,0.1,0.9685188293457031,0.01583200884435458,2.6343048998405476,5
4,0.0001,2,0.0,0.9781813263893128,0.015893491145478424,2.6598841200771055,5
4,0.0001,2,0.05,0.9781790852546692,0.015301963888327913,2.6598586163100957,5
4,0.0001,2,0.1,0.9785364389419555,0.014940594713558426,2.6607973747605524,5
4,0.0001,3,0.0,0.956816565990448,0.01698994066104686,2.603697083836838,5
4,0.0001,3,0.05,0.9562642455101014,0.01609823195718883,2.6022283884021404,5
4,0.0001,3,0.1,0.9560329556465149,0.01590111226699194,2.6016200609615834,5
4,0.0001,5,0.0,0.9543162107467651,0.015038311196648006,2.597129616080799,5
4,0.0001,5,0.05,0.9531679034233094,0.016022438969188948,2.5941808304457603,5
4,0.0001,5,0.1,0.9533915519714355,0.015975642260465325,2.5947594201057336,5
4,0.0002,2,0.0,0.9551292061805725,0.015547198496694854,2.5992580446574634,5
4,0.0002,2,0.05,0.9560474276542663,0.01638849099944465,2.6016741424804706,5
4,0.0002,2,0.1,0.9564665913581848,0.015582013881788514,2.602737882400244,5
4,0.0002,3,0.0,0.9428247928619384,0.01720537513008138,2.56752773218163,5
4,0.0002,3,0.05,0.9417860507965088,0.01787208596608271,2.564886591235075,5
4,0.0002,3,0.1,0.9423391461372376,0.015537877385751799,2.566225009853974,5
4,0.0002,5,0.0,0.9435181379318237,0.018230394202364456,2.569345167201876,5
4,0.0002,5,0.05,0.9423078656196594,0.01693531661527926,2.566191004471051,5
4,0.0002,5,0.1,0.9437843084335327,0.01841967345167376,2.570036450364607,5
8,5e-05,2,0.0,0.9950179100036621,0.015425088520320053,2.70503050260958,5
8,5e-05,2,0.05,0.9950908899307251,0.015111700766359735,2.7052175888724954,5
8,5e-05,2,0.1,0.9956346392631531,0.014885714708815518,2.7066816765108435,5
8,5e-05,3,0.0,0.9679638743400574,0.016202320401979695,2.6328558362766716,5
8,5e-05,3,0.05,0.9682823419570923,0.015970370754430457,2.633686361683124,5
8,5e-05,3,0.1,0.9688305735588074,0.01617879196398322,2.635137760943211,5
8,5e-05,5,0.0,0.9643641352653504,0.015936056957145135,2.623386012476021,5
8,5e-05,5,0.05,0.9637474656105042,0.016428444405448397,2.62178566591551,5
8,5e-05,5,0.1,0.9635229587554932,0.017114297608676523,2.621221278840338,5
8,0.0001,2,0.0,0.9631107568740844,0.014837364612636851,2.620064778995779,5
8,0.0001,2,0.05,0.963607919216156,0.015679144477165674,2.6213946963555834,5
8,0.0001,2,0.1,0.9641738772392273,0.015923613046768068,2.6228868125204787,5
8,0.0001,3,0.0,0.9464019536972046,0.017043847235691977,2.576723233409132,5
8,0.0001,3,0.05,0.945944631099701,0.016664499358670794,2.5755318092760793,5
8,0.0001,3,0.1,0.9460263609886169,0.017914032173509592,2.575786946610431,5
8,0.0001,5,0.0,0.9449060797691345,0.016794128292127154,2.572862390207708,5
8,0.0001,5,0.05,0.9448561310768128,0.016621683679318877,2.5727279467810678,5
8,0.0001,5,0.1,0.9452321887016296,0.016230268770635162,2.573682448921974,5
8,0.0002,2,0.0,0.9470898747444153,0.015736062714623626,2.5784518681300206,5
8,0.0002,2,0.05,0.9461040019989013,0.015968813361662136,2.5759186911164518,5
8,0.0002,2,0.1,0.9476515650749207,0.01607330432737633,2.5799116817924173,5
8,0.0002,3,0.0,0.9352869153022766,0.016630128758949092,2.5482267280084323,5
8,0.0002,3,0.05,0.9346211194992066,0.017490635835120387,2.546560785560535,5
8,0.0002,3,0.1,0.9346858501434326,0.017111209038334907,2.5467122796588098,5
8,0.0002,5,0.0,0.9382473945617675,0.0187599807296522,2.555858437864654,5
8,0.0002,5,0.05,0.9385698080062866,0.01813044553597183,2.5566585065822007,5
8,0.0002,5,0.1,0.9383360147476196,0.018351948174469758,2.5560693920582165,5
16,5e-05,2,0.0,0.9742516875267029,0.01549534280622688,2.6494389950515873,5
16,5e-05,2,0.05,0.9748356699943542,0.015519635673865162,2.6509875300518946,5
16,5e-05,2,0.1,0.9743141174316406,0.015808541361686506,2.649614801740795,5
16,5e-05,3,0.0,0.9529894113540649,0.01650236653792298,2.5937341580976767,5
16,5e-05,3,0.05,0.9527992844581604,0.017340237939146987,2.5932706024631886,5
16,5e-05,3,0.1,0.9530873537063599,0.01722514067589268,2.594013580538518,5
16,5e-05,5,0.0,0.9498032808303833,0.016212208787357952,2.5854733168704733,5
16,5e-05,5,0.05,0.950668454170227,0.016542702225917527,2.5877223539112135,5
16,5e-05,5,0.1,0.9495864272117615,0.01603459518306348,2.5849067535530863,5
16,0.0001,2,0.0,0.9510053277015686,0.015206693604871271,2.5885503505853866,5
16,0.0001,2,0.05,0.9516019344329834,0.015654827276122267,2.59010969811977,5
16,0.0001,2,0.1,0.9520345807075501,0.01572531394878571,2.591232777467086,5
16,0.0001,3,0.0,0.935628867149353,0.015861571356298308,2.549073039296735,5
16,0.0001,3,0.05,0.9374567270278931,0.01774799873504587,2.553801633550248,5
16,0.0001,3,0.1,0.9368195056915283,0.017458667504142395,2.5521645508192385,5
16,0.0001,5,0.0,0.9368893265724182,0.017740238615201222,2.5523517881509243,5
16,0.0001,5,0.05,0.9378458499908447,0.01669545337099041,2.554757603695018,5
16,0.0001,5,0.1,0.9375829100608826,0.01745330227059261,2.554112602160826,5
16,0.0002,2,0.0,0.9378133535385131,0.016238284449590325,2.554660295374723,5
16,0.0002,2,0.05,0.9385122060775757,0.017417990190595145,2.556487005624014,5
16,0.0002,2,0.1,0.9387768268585205,0.015832730395617684,2.5571090841280553,5
16,0.0002,3,0.0,0.9280331611633301,0.01604865154807526,2.5297897668062634,5
16,0.0002,3,0.05,0.9286595106124877,0.01762121865052452,2.531427907973339,5
16,0.0002,3,0.1,0.9277307629585266,0.016233395399108102,2.5290309298293785,5
16,0.0002,5,0.0,0.9402390718460083,0.017734024276420447,2.560915166789093,5
16,0.0002,5,0.05,0.9387258648872375,0.018048931719102632,2.5570551149216065,5
16,0.0002,5,0.1,0.9404971837997437,0.018220836603392545,2.5615944247516644,5
