run_name,lora_rank,learning_rate,num_epochs,lora_dropout,seed,train_loss,eval_loss,perplexity,runtime_min
sw_0319_r16_lr1e-04_e2_d00_s999,16,0.0001,2,0.0,999,1.0118838835527553,0.9725294709205627,2.6446255093527564,8.432818333333334
sw_0153_r8_lr5e-05_e3_d00_s789,8,5e-05,3,0.0,789,1.0488945090621975,0.9589086174964905,2.6088476684382758,12.595223333333333
sw_0008_r4_lr5e-05_e2_d05_s789,4,5e-05,2,0.05,789,1.262863077581885,1.0141409635543823,2.7569940214870585,8.945793333333334
sw_0078_r4_lr1e-04_e5_d00_s789,4,0.0001,5,0.0,789,0.7700362006610728,0.9508095979690552,2.5878038922335644,21.489003333333336
sw_0393_r16_lr2e-04_e5_d00_s789,16,0.0002,5,0.0,789,0.522894477334252,0.9446131587028503,2.5718183006046673,21.054836666666667
sw_0160_r8_lr5e-05_e3_d10_s42,8,5e-05,3,0.1,42,1.0562917793073332,0.9603512287139893,2.61261393732721,13.001241666666665
sw_0192_r8_lr1e-04_e2_d10_s456,8,0.0001,2,0.1,456,1.0703054290404295,0.9718099236488342,2.6427232607437303,8.683525
sw_0162_r8_lr5e-05_e3_d10_s456,8,5e-05,3,0.1,456,1.0537646460129404,0.9809143543243408,2.6668936131568906,12.941583333333334
sw_0293_r16_lr5e-05_e3_d05_s789,16,5e-05,3,0.05,789,0.9762552424123155,0.9460188746452332,2.57543608878626,13.009265
sw_0200_r8_lr1e-04_e3_d05_s42,8,0.0001,3,0.05,42,0.9318431352336564,0.934485912322998,2.5459043032286237,12.958895
sw_0328_r16_lr1e-04_e2_d10_s789,16,0.0001,2,0.1,789,1.0108300734331264,0.9481692314147949,2.5809801539370407,8.702734999999999
sw_0315_r16_lr1e-04_e2_d00_s42,16,0.0001,2,0.0,42,1.0126002102612175,0.939903736114502,2.5597349964320952,8.433895
sw_0386_r16_lr2e-04_e3_d10_s123,16,0.0002,3,0.1,123,0.7639525643219497,0.9067899584770203,2.4763605408963634,13.000141666666668
sw_0025_r4_lr5e-05_e3_d10_s42,4,5e-05,3,0.1,42,1.135220294117715,0.9788464307785034,2.661384379360409,13.341615
sw_0295_r16_lr5e-05_e3_d10_s42,16,5e-05,3,0.1,42,0.9784526669830349,0.9433047771453857,2.568455581310669,13.004313333333332
sw_0013_r4_lr5e-05_e2_d10_s789,4,5e-05,2,0.1,789,1.2663005584064015,1.0129048824310303,2.753588258553178,8.943915
sw_0303_r16_lr5e-05_e5_d00_s789,16,5e-05,5,0.0,789,0.7459740475537305,0.9460490942001343,2.575513918494523,21.073320000000002
sw_0118_r4_lr2e-04_e3_d10_s789,4,0.0002,3,0.1,789,0.8853092565468501,0.9386674761772156,2.556572453871057,13.397585
sw_0010_r4_lr5e-05_e2_d10_s42,4,5e-05,2,0.1,42,1.2630936984709877,1.0097907781600952,2.7450266354093844,8.937318333333334
sw_0017_r4_lr5e-05_e3_d00_s456,4,5e-05,3,0.0,456,1.1284223517100866,0.9979912638664246,2.712826998020676,12.933011666666665
sw_0312_r16_lr5e-05_e5_d10_s456,16,5e-05,5,0.1,456,0.7533694782359077,0.9600353240966797,2.611788730871289,21.635988333333334
sw_0404_r16_lr2e-04_e5_d10_s999,16,0.0002,5,0.1,999,0.5283688441954832,0.9613187909126282,2.6151430271411495,21.638646666666666
sw_0049_r4_lr1e-04_e2_d00_s999,4,0.0001,2,0.0,999,1.1329995884614832,1.0004972219467163,2.7196337539171664,8.768103333333332
sw_0379_r16_lr2e-04_e3_d00_s999,16,0.0002,3,0.0,999,0.7605588168915155,0.9481374621391296,2.580898159369504,12.662653333333333
sw_0184_r8_lr1e-04_e2_d00_s999,8,0.0001,2,0.0,999,1.0730509706996978,0.9850980639457703,2.6780744940965264,8.35745
sw_0201_r8_lr1e-04_e3_d05_s123,8,0.0001,3,0.05,123,0.9324082265775684,0.9304506182670593,2.5356515311146652,13.580858333333333
sw_0205_r8_lr1e-04_e3_d10_s42,8,0.0001,3,0.1,42,0.9325518246852991,0.9345844984054565,2.5461553063326963,12.936964999999999
sw_0253_r8_lr2e-04_e3_d10_s789,8,0.0002,3,0.1,789,0.8260552927771991,0.9310111999511719,2.537073369411319,13.481976666666666
sw_0202_r8_lr1e-04_e3_d05_s456,8,0.0001,3,0.05,456,0.9274959002958475,0.9555457234382629,2.600089125395679,13.6223
sw_0009_r4_lr5e-05_e2_d05_s999,4,5e-05,2,0.05,999,1.2662863170399385,1.0365376472473145,2.8194382056455307,8.949941666666666
sw_0364_r16_lr2e-04_e2_d00_s999,16,0.0002,2,0.0,999,0.9318377219419428,0.9634690284729004,2.6207722558241624,8.460463333333333
sw_0097_r4_lr2e-04_e2_d05_s456,4,0.0002,2,0.05,456,1.031028966852688,0.9652966856956482,2.6255665089578475,9.025521666666666
sw_0021_r4_lr5e-05_e3_d05_s123,4,5e-05,3,0.05,123,1.1361527863670797,0.9704472422599792,2.6391245234634533,13.277721666666668
sw_0107_r4_lr2e-04_e3_d00_s456,4,0.0002,3,0.0,456,0.8850339618702411,0.951341450214386,2.5891805876109366,13.026761666666665
sw_0316_r16_lr1e-04_e2_d00_s123,16,0.0001,2,0.0,123,1.0141738876301976,0.935509979724884,2.5485128162524937,8.435171666666667
sw_0290_r16_lr5e-05_e3_d05_s42,16,5e-05,3,0.05,42,0.9761689869477788,0.9429240226745605,2.567477816520939,13.004436666666667
sw_0031_r4_lr5e-05_e5_d00_s123,4,5e-05,5,0.0,123,0.9345969348030294,0.9530232548713684,2.5935387473403715,21.48985
sw_0059_r4_lr1e-04_e2_d10_s999,4,0.0001,2,0.1,999,1.1336718778559232,0.9984676837921143,2.714119750779617,9.03448
sw_0230_r8_lr2e-04_e2_d05_s42,8,0.0002,2,0.05,42,0.9847315364980442,0.9334505200386047,2.543269657737434,8.665841666666667
sw_0001_r4_lr5e-05_e2_d00_s123,4,5e-05,2,0.0,123,1.2645259897976635,1.004109263420105,2.7294749465269637,8.712925
sw_0357_r16_lr1e-04_e5_d10_s456,16,0.0001,5,0.1,456,0.6219970080941756,0.949049174785614,2.5832522698337654,21.796973333333334
sw_0068_r4_lr1e-04_e3_d05_s789,4,0.0001,3,0.05,789,0.9953043282350754,0.9483593702316284,2.5814709451075286,13.39535
sw_0113_r4_lr2e-04_e3_d05_s789,4,0.0002,3,0.05,789,0.8846908674945594,0.935394823551178,2.5482193561651276,13.427575
sw_0395_r16_lr2e-04_e5_d05_s42,16,0.0002,5,0.05,42,0.5277922607360677,0.9216327667236328,2.5133908223988013,21.665686666666666
sw_0212_r8_lr1e-04_e5_d00_s456,8,0.0001,5,0.0,456,0.6974917467902688,0.9551939964294434,2.599174764637053,20.818566666666666
sw_0050_r4_lr1e-04_e2_d05_s42,4,0.0001,2,0.05,42,1.1349508545615457,0.9682599306106567,2.633358244273075,9.007308333333333
sw_0229_r8_lr2e-04_e2_d00_s999,8,0.0002,2,0.0,999,0.9843787483990512,0.9703908562660217,2.6389757179993314,8.378393333333333
sw_0174_r8_lr5e-05_e5_d05_s999,8,5e-05,5,0.05,999,0.8391955656163833,0.9861012697219849,2.6807625019852184,21.440626666666667
sw_0338_r16_lr1e-04_e3_d05_s789,16,0.0001,3,0.05,789,0.8606492325583881,0.9320735931396484,2.539770171155897,13.014535
sw_0324_r16_lr1e-04_e2_d05_s999,16,0.0001,2,0.05,999,1.0150254677961217,0.9751307368278503,2.65151383883189,8.660300000000001
sw_0135_r8_lr5e-05_e2_d00_s42,8,5e-05,2,0.0,42,1.1831342778741356,0.9844271540641785,2.6762783500475673,8.60682
sw_0016_r4_lr5e-05_e3_d00_s123,4,5e-05,3,0.0,123,1.1313569456498254,0.969785213470459,2.6373779252627294,12.94171
sw_0115_r4_lr2e-04_e3_d10_s42,4,0.0002,3,0.1,42,0.8903595319618728,0.9315012097358704,2.5383168648244068,13.390256666666666
sw_0075_r4_lr1e-04_e5_d00_s42,4,0.0001,5,0.0,42,0.7720205536500655,0.9420861601829529,2.565327524110914,21.545816666666667
sw_0283_r16_lr5e-05_e2_d10_s789,16,5e-05,2,0.1,789,1.110820364824591,0.9701333045959473,2.638296132913768,8.71527
sw_0012_r4_lr5e-05_e2_d10_s456,4,5e-05,2,0.1,456,1.2676267139414414,1.0373520851135254,2.8217353982149787,8.955058333333334
sw_0164_r8_lr5e-05_e3_d10_s999,8,5e-05,3,0.1,999,1.053982563197294,0.9904759526252747,2.6925156773338585,13.107634999999998
sw_0015_r4_lr5e-05_e3_d00_s42,4,5e-05,3,0.0,42,1.1337997375750075,0.979263961315155,2.662495820622746,12.937001666666667
sw_0145_r8_lr5e-05_e2_d10_s42,8,5e-05,2,0.1,42,1.1871966933184128,0.9857422709465027,2.679800284257474,8.592720000000002
sw_0313_r16_lr5e-05_e5_d10_s789,16,5e-05,5,0.1,789,0.7521955036224528,0.946058988571167,2.575539401710903,21.679051666666666
sw_0046_r4_lr1e-04_e2_d00_s123,4,0.0001,2,0.0,123,1.1317731275915461,0.9613416790962219,2.61520288369988,8.773216666666666
sw_0269_r8_lr2e-04_e5_d10_s999,8,0.0002,5,0.1,999,0.5879783441676175,0.9565894603729248,2.602804351193498,21.875763333333335
sw_0327_r16_lr1e-04_e2_d10_s456,16,0.0001,2,0.1,456,1.0127185576739797,0.9599709510803223,2.6116206075639545,8.676863333333333
sw_0298_r16_lr5e-05_e3_d10_s789,16,5e-05,3,0.1,789,0.9768609581996626,0.9470728635787964,2.5781520009421945,13.000041666666668
sw_0301_r16_lr5e-05_e5_d00_s123,16,5e-05,5,0.0,123,0.7459225205814137,0.9327288269996643,2.54143485988935,21.112326666666668
sw_0243_r8_lr2e-04_e3_d00_s789,8,0.0002,3,0.0,789,0.8218442197364494,0.9308654069900513,2.5367035089343943,12.581488333333334
sw_0161_r8_lr5e-05_e3_d10_s123,8,5e-05,3,0.1,123,1.0555826423427426,0.9516341686248779,2.5899385993736055,12.922611666666667
sw_0254_r8_lr2e-04_e3_d10_s999,8,0.0002,3,0.1,999,0.8271139892027339,0.9593319892883301,2.6099524147930193,12.875820000000001
sw_0169_r8_lr5e-05_e5_d00_s999,8,5e-05,5,0.0,999,0.8365888320188472,0.9848304986953735,2.6773580302786173,20.94183333333333
sw_0256_r8_lr2e-04_e5_d00_s123,8,0.0002,5,0.0,123,0.5880497651941636,0.9164477586746216,2.5003925978245496,20.900064999999998
sw_0306_r16_lr5e-05_e5_d05_s123,16,5e-05,5,0.05,123,0.747964532107593,0.9334340691566467,2.5432278190526496,21.68566666666667
sw_0371_r16_lr2e-04_e2_d10_s123,16,0.0002,2,0.1,123,0.9344499429916953,0.9258317351341248,2.523966659329027,8.726308333333332
sw_0053_r4_lr1e-04_e2_d05_s789,4,0.0001,2,0.05,789,1.1312428795717617,0.9722548127174377,2.643899241004765,9.016654999999998
sw_0141_r8_lr5e-05_e2_d05_s123,8,5e-05,2,0.05,123,1.1871000942699412,0.9790791869163513,2.6620039050062787,8.851086666666667
sw_0103_r4_lr2e-04_e2_d10_s789,4,0.0002,2,0.1,789,1.0339108303906446,0.9539147615432739,2.595851935395556,9.023458333333334
sw_0321_r16_lr1e-04_e2_d05_s123,16,0.0001,2,0.05,123,1.017003291430958,0.9356101155281067,2.5487680264079957,8.726945
sw_0403_r16_lr2e-04_e5_d10_s789,16,0.0002,5,0.1,789,0.527403358852162,0.9449485540390015,2.572681021136252,21.5853
sw_0165_r8_lr5e-05_e5_d00_s42,8,5e-05,5,0.0,42,0.84029718541844,0.952607274055481,2.592460109338129,20.898495
sw_0033_r4_lr5e-05_e5_d00_s789,4,5e-05,5,0.0,789,0.9359723575612441,0.9607220888137817,2.6135830312807595,21.47132333333333
sw_0259_r8_lr2e-04_e5_d00_s999,8,0.0002,5,0.0,999,0.5837900194892272,0.9602850079536438,2.612440933774068,21.075646666666668
sw_0206_r8_lr1e-04_e3_d10_s123,8,0.0001,3,0.1,123,0.9332181757146661,0.9283928871154785,2.5304392065900037,12.90706
sw_0335_r16_lr1e-04_e3_d05_s42,16,0.0001,3,0.05,42,0.8598430235330646,0.9253811836242676,2.522829738479772,13.070915000000001
sw_0288_r16_lr5e-05_e3_d00_s789,16,5e-05,3,0.0,789,0.972755348406161,0.9472998380661011,2.578737242085694,12.64529
sw_0305_r16_lr5e-05_e5_d05_s42,16,5e-05,5,0.05,42,0.7510454279853699,0.9378615021705627,2.5545127530712626,21.659575
sw_0099_r4_lr2e-04_e2_d05_s999,4,0.0002,2,0.05,999,1.0371053920072668,0.9798305034637451,2.664004664096928,9.017346666666667
sw_0388_r16_lr2e-04_e3_d10_s789,16,0.0002,3,0.1,789,0.7606028136722545,0.9229314923286438,2.5166571479864817,13.097919999999998
sw_0304_r16_lr5e-05_e5_d00_s999,16,5e-05,5,0.0,999,0.7428225603970614,0.972008466720581,2.643248007228361,21.241683333333334
sw_0218_r8_lr1e-04_e5_d05_s789,8,0.0001,5,0.05,789,0.6963342834921444,0.9421072602272034,2.5653816532062512,21.42783166666667
sw_0082_r4_lr1e-04_e5_d05_s456,4,0.0001,5,0.05,456,0.7734756592123266,0.9631960988044739,2.620057066923933,22.073436666666666
sw_0401_r16_lr2e-04_e5_d10_s123,16,0.0002,5,0.1,123,0.5301437975888583,0.9198368787765503,2.5088811048003543,21.65378666666667
sw_0095_r4_lr2e-04_e2_d05_s42,4,0.0002,2,0.05,42,1.0343560101514193,0.9433325529098511,2.5685269231187173,9.010075
sw_0390_r16_lr2e-04_e5_d00_s42,16,0.0002,5,0.0,42,0.5267892472884235,0.9280888438224792,2.5296699604688855,21.036653333333334
sw_0292_r16_lr5e-05_e3_d05_s456,16,5e-05,3,0.05,456,0.9746192076148834,0.9628063440322876,2.6190360861576867,13.033538333333333
sw_0181_r8_lr1e-04_e2_d00_s123,8,0.0001,2,0.0,123,1.0762789338667762,0.9486947059631348,2.582336749714766,8.610685
sw_0398_r16_lr2e-04_e5_d05_s789,16,0.0002,5,0.05,789,0.5263430425827516,0.940046489238739,2.5601004326830177,21.642211666666665
sw_0175_r8_lr5e-05_e5_d10_s42,8,5e-05,5,0.1,42,0.8462667587606665,0.9492404460906982,2.5837464191235613,21.83954
sw_0057_r4_lr1e-04_e2_d10_s456,4,0.0001,2,0.1,456,1.1300065530175194,0.9890416264533997,2.688656499950857,9.00652
sw_0152_r8_lr5e-05_e3_d00_s456,8,5e-05,3,0.0,456,1.0493988417580378,0.9789595603942871,2.661685477783952,12.564566666666668
sw_0170_r8_lr5e-05_e5_d05_s42,8,5e-05,5,0.05,42,0.8448509134710791,0.9503995776176453,2.5867430574690746,21.486488333333334
sw_0193_r8_lr1e-04_e2_d10_s789,8,0.0001,2,0.1,789,1.0696793214522582,0.960527241230011,2.613073830552007,8.635945
sw_0302_r16_lr5e-05_e5_d00_s456,16,5e-05,5,0.0,456,0.7479302900997713,0.9603331685066223,2.6125667534038093,21.05453333333333
sw_0133_r4_lr2e-04_e5_d10_s789,4,0.0002,5,0.1,789,0.6510285543247978,0.9436987638473511,2.569467718025405,22.076678333333334
sw_0172_r8_lr5e-05_e5_d05_s456,8,5e-05,5,0.05,456,0.843561607503636,0.9753820300102234,2.652180229908817,22.023433333333333
sw_0356_r16_lr1e-04_e5_d10_s123,16,0.0001,5,0.1,123,0.6236243821720389,0.9180837273597717,2.504486509657875,21.685678333333332
sw_0368_r16_lr2e-04_e2_d05_s789,16,0.0002,2,0.05,789,0.9276568239385431,0.934509813785553,2.5459651547922135,8.676233333333332
sw_0123_r4_lr2e-04_e5_d00_s789,4,0.0002,5,0.0,789,0.6464428343237403,0.9431403279304504,2.5680332355348936,21.497306666666667
sw_0340_r16_lr1e-04_e3_d10_s42,16,0.0001,3,0.1,42,0.8622480504440538,0.9275305867195129,2.5282581483590283,13.023715000000001
sw_0318_r16_lr1e-04_e2_d00_s789,16,0.0001,2,0.0,789,1.008159428356803,0.9470046162605286,2.5779760549860318,8.455578333333333
sw_0061_r4_lr1e-04_e3_d00_s123,4,0.0001,3,0.0,123,0.9945816196859839,0.9408829212188721,2.562242678353764,13.014356666666666
sw_0132_r4_lr2e-04_e5_d10_s456,4,0.0002,5,0.1,456,0.6542868239356873,0.956610918045044,2.6028602019150675,21.931873333333332
sw_0074_r4_lr1e-04_e3_d10_s999,4,0.0001,3,0.1,999,0.9979907374118526,0.9790493249893188,2.661924413626796,13.366136666666668
sw_0159_r8_lr5e-05_e3_d05_s999,8,5e-05,3,0.05,999,1.0544929202652658,0.9887285828590393,2.68781496498155,12.87331
sw_0219_r8_lr1e-04_e5_d05_s999,8,0.0001,5,0.05,999,0.6978434968122187,0.9675818085670471,2.6315731113363174,21.502476666666666
sw_0131_r4_lr2e-04_e5_d10_s123,4,0.0002,5,0.1,123,0.6549671111897352,0.9228448271751404,2.5164390509592787,22.01306333333333
sw_0268_r8_lr2e-04_e5_d10_s789,8,0.0002,5,0.1,789,0.587315602608543,0.9392372369766235,2.5580295036816345,21.690453333333334
sw_0267_r8_lr2e-04_e5_d10_s456,8,0.0002,5,0.1,456,0.5891710829607306,0.956230878829956,2.601871200908435,21.511005
sw_0182_r8_lr1e-04_e2_d00_s456,8,0.0001,2,0.0,456,1.0670499750637115,0.9707292914390564,2.6398689913521216,8.522226666666667
sw_0048_r4_lr1e-04_e2_d00_s789,4,0.0001,2,0.0,789,1.1300926692983047,0.9742797017097473,2.6492582673603104,8.77186
sw_0054_r4_lr1e-04_e2_d05_s999,4,0.0001,2,0.05,999,1.1341587030951352,1.0002825260162354,2.719049922293181,9.072166666666668
sw_0332_r16_lr1e-04_e3_d00_s456,16,0.0001,3,0.0,456,0.8598917525082348,0.943592369556427,2.5691943558718373,12.669538333333332
sw_0378_r16_lr2e-04_e3_d00_s789,16,0.0002,3,0.0,789,0.7572003043590383,0.9264853596687317,2.5256169251304494,12.648611666666666
sw_0077_r4_lr1e-04_e5_d00_s456,4,0.0001,5,0.0,456,0.7712881394248595,0.9635816216468811,2.6210673535034066,21.457393333333336
sw_0241_r8_lr2e-04_e3_d00_s123,8,0.0002,3,0.0,123,0.8291215796734135,0.9163282513618469,2.5000938004788917,12.549380000000001
sw_0251_r8_lr2e-04_e3_d10_s123,8,0.0002,3,0.1,123,0.8318466288095702,0.9161572456359863,2.499666306676807,12.89079
sw_0109_r4_lr2e-04_e3_d00_s999,4,0.0002,3,0.0,999,0.8838842530301548,0.9677713513374329,2.632071954268855,13.048855
sw_0019_r4_lr5e-05_e3_d00_s999,4,5e-05,3,0.0,999,1.1279697573333713,1.0066747665405273,2.736486413143459,12.906956666666668
sw_0018_r4_lr5e-05_e3_d00_s789,4,5e-05,3,0.0,789,1.1297643030603515,0.978814423084259,2.6612991959461967,12.964034999999999
sw_0336_r16_lr1e-04_e3_d05_s123,16,0.0001,3,0.05,123,0.8609073812311346,0.9195975065231323,2.5082806201492898,13.012888333333333
sw_0085_r4_lr1e-04_e5_d10_s42,4,0.0001,5,0.1,42,0.7766176743940874,0.9420751929283142,2.5652993896650047,22.048543333333335
sw_0231_r8_lr2e-04_e2_d05_s123,8,0.0002,2,0.05,123,0.9885048305287081,0.9301128387451172,2.5347951845889756,8.669198333333332
sw_0294_r16_lr5e-05_e3_d05_s999,16,5e-05,3,0.05,999,0.973418651417615,0.9777684211730957,2.6585169272839067,13.034768333333334
sw_0148_r8_lr5e-05_e2_d10_s789,8,5e-05,2,0.1,789,1.1844228142723043,0.9890261292457581,2.6886148336056572,8.625555
sw_0151_r8_lr5e-05_e3_d00_s123,8,5e-05,3,0.0,123,1.052340615454417,0.951833188533783,2.590454100013466,12.52241
sw_0064_r4_lr1e-04_e3_d00_s999,4,0.0001,3,0.0,999,0.9931931521165818,0.9819265007972717,2.6695942666190127,13.05927
sw_0187_r8_lr1e-04_e2_d05_s456,8,0.0001,2,0.05,456,1.0700414550495658,0.9713911414146423,2.641616766898399,8.638738333333333
sw_0215_r8_lr1e-04_e5_d05_s42,8,0.0001,5,0.05,42,0.6994701523194339,0.9337638020515442,2.5440665431936798,21.447631666666666
sw_0391_r16_lr2e-04_e5_d00_s123,16,0.0002,5,0.0,123,0.5270599850996293,0.9165538549423218,2.500657894220194,21.03157
sw_0400_r16_lr2e-04_e5_d10_s42,16,0.0002,5,0.1,42,0.5295036814429543,0.9234064817428589,2.517852817433669,21.68813833333333
sw_0209_r8_lr1e-04_e3_d10_s999,8,0.0001,3,0.1,999,0.9315306806734327,0.971967875957489,2.6431407179521975,12.896545
sw_0069_r4_lr1e-04_e3_d05_s999,4,0.0001,3,0.05,999,0.9966905982949092,0.9790661931037903,2.6619693156512247,13.358221666666667
sw_0373_r16_lr2e-04_e2_d10_s789,16,0.0002,2,0.1,789,0.9303865968224837,0.9353351593017578,2.5480673231053985,8.783665000000001
sw_0092_r4_lr2e-04_e2_d00_s456,4,0.0002,2,0.0,456,1.0300139513882725,0.9657973051071167,2.6268812475827135,8.777463333333333
sw_0402_r16_lr2e-04_e5_d10_s456,16,0.0002,5,0.1,456,0.5291960221560881,0.9529752135276794,2.5934141532468975,21.644125
sw_0179_r8_lr5e-05_e5_d10_s999,8,5e-05,5,0.1,999,0.8422425285380154,0.9865800738334656,2.6820463694290497,21.516495000000003
sw_0330_r16_lr1e-04_e3_d00_s42,16,0.0001,3,0.0,42,0.8604000158700926,0.9245696067810059,2.520783098899511,12.625176666666666
sw_0399_r16_lr2e-04_e5_d05_s999,16,0.0002,5,0.05,999,0.5267023314766706,0.9619768261909485,2.616864449827174,21.622268333333334
sw_0369_r16_lr2e-04_e2_d05_s999,16,0.0002,2,0.05,999,0.9312536321221826,0.9660813212394714,2.627627430193741,8.740215000000001
sw_0121_r4_lr2e-04_e5_d00_s123,4,0.0002,5,0.0,123,0.652051572748684,0.9219328761100769,2.5141452277728105,21.498181666666667
sw_0291_r16_lr5e-05_e3_d05_s123,16,5e-05,3,0.05,123,0.974694628129031,0.934478759765625,2.5458860935671512,12.991336666666665
sw_0377_r16_lr2e-04_e3_d00_s456,16,0.0002,3,0.0,456,0.7592725751924855,0.9393135905265808,2.5582248257718088,12.754681666666666
sw_0024_r4_lr5e-05_e3_d05_s999,4,5e-05,3,0.05,999,1.1312700136035096,1.0080482959747314,2.740247640264969,13.332866666666666
sw_0394_r16_lr2e-04_e5_d00_s999,16,0.0002,5,0.0,999,0.5264598178353539,0.9601723551750183,2.612146651620046,21.095813333333336
sw_0262_r8_lr2e-04_e5_d05_s456,8,0.0002,5,0.05,456,0.586516442528383,0.9544029235839844,2.5971194411226413,21.61386666666667
sw_0140_r8_lr5e-05_e2_d05_s42,8,5e-05,2,0.05,42,1.184178352355957,0.9847639799118042,2.6771799416024504,8.835676666666666
sw_0314_r16_lr5e-05_e5_d10_s999,16,5e-05,5,0.1,999,0.7467868218447435,0.9714637994766235,2.6418087086261512,21.645081666666666
sw_0045_r4_lr1e-04_e2_d00_s42,4,0.0001,2,0.0,42,1.1326135671075015,0.9670892357826233,2.6302771892356325,8.779346666666667
sw_0195_r8_lr1e-04_e3_d00_s42,8,0.0001,3,0.0,42,0.9294712720920271,0.9341995716094971,2.545175411534596,12.579501666666665
sw_0142_r8_lr5e-05_e2_d05_s456,8,5e-05,2,0.05,456,1.1818428065050095,1.0080008506774902,2.7401176314853393,8.860936666666667
sw_0280_r16_lr5e-05_e2_d10_s42,16,5e-05,2,0.1,42,1.1121555649660488,0.962643563747406,2.6186097934144352,8.73748
sw_0043_r4_lr5e-05_e5_d10_s789,4,5e-05,5,0.1,789,0.9435774736863407,0.9621899127960205,2.6174221280034855,22.060258333333334
sw_0080_r4_lr1e-04_e5_d05_s42,4,0.0001,5,0.05,42,0.7722715204412287,0.9426184296607971,2.5666933331096478,22.01718
sw_0344_r16_lr1e-04_e3_d10_s999,16,0.0001,3,0.1,999,0.8620607353574239,0.9638410210609436,2.6217473450300126,13.042914999999999
sw_0093_r4_lr2e-04_e2_d00_s789,4,0.0002,2,0.0,789,1.033581295115425,0.9520244598388672,2.5909496269384666,8.777605
sw_0163_r8_lr5e-05_e3_d10_s789,8,5e-05,3,0.1,789,1.0565993884667992,0.9607771635055542,2.6137269775244905,12.891736666666667
sw_0244_r8_lr2e-04_e3_d00_s999,8,0.0002,3,0.0,999,0.823275065464557,0.958285927772522,2.6072236714793235,12.613011666666667
sw_0154_r8_lr5e-05_e3_d00_s999,8,5e-05,3,0.0,999,1.0505448329044962,0.9906519055366516,2.6929894749880297,12.554298333333332
sw_0036_r4_lr5e-05_e5_d05_s123,4,5e-05,5,0.05,123,0.9355143592956869,0.9503286480903625,2.586559587513602,22.01763833333333
sw_0106_r4_lr2e-04_e3_d00_s123,4,0.0002,3,0.0,123,0.8871098746165448,0.9235645532608032,2.5182508497084357,13.080428333333334
sw_0223_r8_lr1e-04_e5_d10_s789,8,0.0001,5,0.1,789,0.6976461359523835,0.9433926343917847,2.5686812486586517,21.545768333333335
sw_0296_r16_lr5e-05_e3_d10_s123,16,5e-05,3,0.1,123,0.9757530711551401,0.9344870448112488,2.545907186436967,13.027591666666666
sw_0190_r8_lr1e-04_e2_d10_s42,8,0.0001,2,0.1,42,1.0748239430514248,0.9533318877220154,2.594339322132712,9.115028333333333
sw_0035_r4_lr5e-05_e5_d05_s42,4,5e-05,5,0.05,42,0.9389992933222316,0.9572803974151611,2.6046033465581306,22.065456666666666
sw_0333_r16_lr1e-04_e3_d00_s789,16,0.0001,3,0.0,789,0.8585849600892228,0.93072110414505,2.536337481811143,12.637300000000002
sw_0185_r8_lr1e-04_e2_d05_s42,8,0.0001,2,0.05,42,1.073831627075685,0.9524915814399719,2.5921601981965634,8.662956666666666
sw_0027_r4_lr5e-05_e3_d10_s456,4,5e-05,3,0.1,456,1.1356145346440947,1.0000683069229126,2.7184675122680293,13.339693333333335
sw_0191_r8_lr1e-04_e2_d10_s123,8,0.0001,2,0.1,123,1.0776319682279372,0.9475800395011902,2.5794599092030976,9.066595000000001
sw_0359_r16_lr1e-04_e5_d10_s999,16,0.0001,5,0.1,999,0.6203847058954086,0.9601235389709473,2.612019139648387,21.627734999999998
sw_0098_r4_lr2e-04_e2_d05_s789,4,0.0002,2,0.05,789,1.0319545817247686,0.9511365294456482,2.58865006509392,9.017875
sw_0023_r4_lr5e-05_e3_d05_s789,4,5e-05,3,0.05,789,1.1306757972627188,0.979142427444458,2.6621722568623274,13.340865
sw_0360_r16_lr2e-04_e2_d00_s42,16,0.0002,2,0.0,42,0.9270164239852824,0.9262745976448059,2.5250846770864555,8.425295
sw_0232_r8_lr2e-04_e2_d05_s456,8,0.0002,2,0.05,456,0.9808757955377753,0.9528971910476685,2.593211816536474,8.612358333333333
sw_0375_r16_lr2e-04_e3_d00_s42,16,0.0002,3,0.0,42,0.7608577765245489,0.9181787371635437,2.5047244717338932,12.651163333333333
sw_0382_r16_lr2e-04_e3_d05_s456,16,0.0002,3,0.05,456,0.7603658252593243,0.9401804804801941,2.560443486700846,12.994443333333333
sw_0102_r4_lr2e-04_e2_d10_s456,4,0.0002,2,0.1,456,1.0323247935045212,0.9643731117248535,2.6231427235164446,9.015891666666667
sw_0030_r4_lr5e-05_e5_d00_s42,4,5e-05,5,0.0,42,0.935261823276785,0.956784725189209,2.6033126369305033,21.530343333333334
sw_0261_r8_lr2e-04_e5_d05_s123,8,0.0002,5,0.05,123,0.5895972218742983,0.9156230092048645,2.498331250519704,21.497698333333336
sw_0143_r8_lr5e-05_e2_d05_s789,8,5e-05,2,0.05,789,1.1824359944797456,0.98968905210495,2.690397768747353,8.954903333333334
sw_0238_r8_lr2e-04_e2_d10_s789,8,0.0002,2,0.1,789,0.9824998748493704,0.9437113404273987,2.5695000333450477,8.607108333333334
sw_0376_r16_lr2e-04_e3_d00_s123,16,0.0002,3,0.0,123,0.7612223973673721,0.9080506563186646,2.4794844520256625,12.651596666666668
sw_0208_r8_lr1e-04_e3_d10_s789,8,0.0001,3,0.1,789,0.9311423414318745,0.9385400414466858,2.5562466785073066,13.079633333333334
sw_0270_r16_lr5e-05_e2_d00_s42,16,5e-05,2,0.0,42,1.1084156342368712,0.9629013538360596,2.6192849320835183,8.523021666666667
sw_0070_r4_lr1e-04_e3_d10_s42,4,0.0001,3,0.1,42,0.9955990362294855,0.9462653398513794,2.576070922401785,13.321698333333334
sw_0083_r4_lr1e-04_e5_d05_s789,4,0.0001,5,0.05,789,0.7731186774962726,0.948157012462616,2.5809486172566376,22.103959999999997
sw_0322_r16_lr1e-04_e2_d05_s456,16,0.0001,2,0.05,456,1.0097711609009115,0.9583448767662048,2.6073773692211826,8.692883333333333
sw_0320_r16_lr1e-04_e2_d05_s42,16,0.0001,2,0.05,42,1.0148173041522184,0.9410322308540344,2.5626252744351965,8.686023333333333
sw_0079_r4_lr1e-04_e5_d00_s999,4,0.0001,5,0.0,999,0.7659622987961386,0.9753836393356323,2.6521844981332845,21.451583333333335
sw_0255_r8_lr2e-04_e5_d00_s42,8,0.0002,5,0.0,42,0.5882045508705996,0.9227662682533264,2.5162413699855284,21.543181666666666
sw_0028_r4_lr5e-05_e3_d10_s789,4,5e-05,3,0.1,789,1.134469844865714,0.9783229827880859,2.6599916475984253,13.3645
sw_0384_r16_lr2e-04_e3_d05_s999,16,0.0002,3,0.05,999,0.7615883699925401,0.9491917490959167,2.5836206015011673,13.148568333333333
sw_0258_r8_lr2e-04_e5_d00_s789,8,0.0002,5,0.0,789,0.5831706200053985,0.9391226768493652,2.55773647228134,20.8665
sw_0213_r8_lr1e-04_e5_d00_s789,8,0.0001,5,0.0,789,0.6937542713899664,0.9435827136039734,2.5691695479730647,20.924246666666665
sw_0189_r8_lr1e-04_e2_d05_s999,8,0.0001,2,0.05,999,1.0742772326749914,0.9867485761642456,2.6824983385714165,8.745241666666667
sw_0380_r16_lr2e-04_e3_d05_s42,16,0.0002,3,0.05,42,0.7604650011462112,0.9194509387016296,2.5079130138633614,13.050996666666666
sw_0222_r8_lr1e-04_e5_d10_s456,8,0.0001,5,0.1,456,0.7010264213072425,0.9545102119445801,2.597398096757736,21.54375
sw_0210_r8_lr1e-04_e5_d00_s42,8,0.0001,5,0.0,42,0.6994974131252676,0.9304367899894714,2.5356164676638606,21.075971666666664
sw_0096_r4_lr2e-04_e2_d05_s123,4,0.0002,2,0.05,123,1.038480343028186,0.9406408667564392,2.5616225511349406,9.02228
sw_0396_r16_lr2e-04_e5_d05_s123,16,0.0002,5,0.05,123,0.5289104264050244,0.9201446771621704,2.509653453211824,21.705651666666665
sw_0387_r16_lr2e-04_e3_d10_s456,16,0.0002,3,0.1,456,0.7626685128811209,0.9387912750244141,2.556888974185646,13.013578333333333
sw_0207_r8_lr1e-04_e3_d10_s456,8,0.0001,3,0.1,456,0.9316914643620849,0.9566465020179749,2.6029528236699506,12.904526666666667
sw_0177_r8_lr5e-05_e5_d10_s456,8,5e-05,5,0.1,456,0.846372252479594,0.9758554100990295,2.653436016430298,21.454553333333333
sw_0094_r4_lr2e-04_e2_d00_s999,4,0.0002,2,0.0,999,1.0343327777270965,0.9760077595710754,2.6538402968016777,8.768835
sw_0108_r4_lr2e-04_e3_d00_s789,4,0.0002,3,0.0,789,0.8810831886349302,0.93867427110672,2.5565898256596737,13.027316666666668
sw_0341_r16_lr1e-04_e3_d10_s123,16,0.0001,3,0.1,123,0.8658621480120695,0.9181561470031738,2.5046678902454893,13.004355
sw_0284_r16_lr5e-05_e2_d10_s999,16,5e-05,2,0.1,999,1.113300876821426,0.996320903301239,2.7082993812120075,8.687695
sw_0245_r8_lr2e-04_e3_d05_s42,8,0.0002,3,0.05,42,0.8295834217479522,0.9246059656143188,2.5208747532982354,13.672945
sw_0397_r16_lr2e-04_e5_d05_s456,16,0.0002,5,0.05,456,0.5290522486130822,0.949828565120697,2.585266416487215,21.717618333333334
sw_0158_r8_lr5e-05_e3_d05_s789,8,5e-05,3,0.05,789,1.0523068037900059,0.9591878056526184,2.6095761294925635,12.925585000000002
sw_0342_r16_lr1e-04_e3_d10_s456,16,0.0001,3,0.1,456,0.8623794788451543,0.9424819946289062,2.566343170110684,12.996678333333334
sw_0383_r16_lr2e-04_e3_d05_s789,16,0.0002,3,0.05,789,0.7598378913287811,0.9303136467933655,2.5353042429725017,13.025568333333332
sw_0084_r4_lr1e-04_e5_d05_s999,4,0.0001,5,0.05,999,0.7691670280089353,0.9756140112876892,2.6527955574360944,22.071101666666667
sw_0124_r4_lr2e-04_e5_d00_s999,4,0.0002,5,0.0,999,0.6495021440128591,0.9645982384681702,2.623733329573159,21.476871666666668
sw_0076_r4_lr1e-04_e5_d00_s123,4,0.0001,5,0.0,123,0.7701254793666901,0.9397200345993042,2.5592648124228257,21.461356666666667
sw_0104_r4_lr2e-04_e2_d10_s999,4,0.0002,2,0.1,999,1.0371109840066675,0.9790353178977966,2.661887128069041,9.035525
sw_0067_r4_lr1e-04_e3_d05_s456,4,0.0001,3,0.05,456,0.9970277365622461,0.966619610786438,2.629042235325981,13.328646666666666
sw_0081_r4_lr1e-04_e5_d05_s123,4,0.0001,5,0.05,123,0.7726637258886654,0.9362539649009705,2.5504095775024878,22.09801666666667
sw_0257_r8_lr2e-04_e5_d00_s456,8,0.0002,5,0.0,456,0.5843931384265104,0.9526152610778809,2.592480815457783,20.858496666666667
sw_0062_r4_lr1e-04_e3_d00_s456,4,0.0001,3,0.0,456,0.995411782022466,0.9663665294647217,2.6283769580303966,13.020669999999999
sw_0345_r16_lr1e-04_e5_d00_s42,16,0.0001,5,0.0,42,0.6200384772397618,0.9221348762512207,2.5146531367607934,21.183993333333333
sw_0362_r16_lr2e-04_e2_d00_s456,16,0.0002,2,0.0,456,0.9254698192372042,0.9441041350364685,2.570509517353109,8.430758333333333
sw_0022_r4_lr5e-05_e3_d05_s456,4,5e-05,3,0.05,456,1.1337255684662204,0.9988765716552734,2.7152297483216676,13.270741666666668
sw_0196_r8_lr1e-04_e3_d00_s123,8,0.0001,3,0.0,123,0.9302883304376653,0.9314902424812317,2.538289026609651,12.530745
sw_0281_r16_lr5e-05_e2_d10_s123,16,5e-05,2,0.1,123,1.1141786039831805,0.9581460356712341,2.6068589669916262,8.685666666666666
sw_0006_r4_lr5e-05_e2_d05_s123,4,5e-05,2,0.05,123,1.2641769679472408,1.0050572156906128,2.732063585258951,8.938178333333333
sw_0250_r8_lr2e-04_e3_d10_s42,8,0.0002,3,0.1,42,0.8300382982069583,0.9233662486076355,2.517751518358596,13.251808333333335
sw_0204_r8_lr1e-04_e3_d05_s999,8,0.0001,3,0.05,999,0.9271154471684692,0.9703801274299622,2.6389474050133708,12.948538333333333
sw_0392_r16_lr2e-04_e5_d00_s456,16,0.0002,5,0.0,456,0.5261074681970525,0.9517671465873718,2.590283027031671,21.046451666666666
sw_0002_r4_lr5e-05_e2_d00_s456,4,5e-05,2,0.0,456,1.2596510922845034,1.035978078842163,2.8178609784297883,8.726368333333333
sw_0052_r4_lr1e-04_e2_d05_s456,4,0.0001,2,0.05,456,1.1294886339157022,0.9871931672096252,2.6836912184642014,9.021488333333334
sw_0351_r16_lr1e-04_e5_d05_s123,16,0.0001,5,0.05,123,0.6214677657673066,0.9179220795631409,2.5040816976512628,21.622955
sw_0317_r16_lr1e-04_e2_d00_s456,16,0.0001,2,0.0,456,1.0091049505427558,0.9600788354873657,2.611902375903556,8.454025
sw_0233_r8_lr2e-04_e2_d05_s789,8,0.0002,2,0.05,789,0.9823960849945558,0.944394588470459,2.571256239108229,8.632353333333333
sw_0334_r16_lr1e-04_e3_d00_s999,16,0.0001,3,0.0,999,0.8583919091445664,0.95918208360672,2.609561197420896,12.615368333333333
sw_0176_r8_lr5e-05_e5_d10_s123,8,5e-05,5,0.1,123,0.841764138471634,0.9474407434463501,2.5791006256381,21.499896666666665
sw_0138_r8_lr5e-05_e2_d00_s789,8,5e-05,2,0.0,789,1.182619260594169,0.9902392029762268,2.691878300644525,8.649223333333333
sw_0326_r16_lr1e-04_e2_d10_s123,16,0.0001,2,0.1,123,1.0178447968182078,0.9362886548042297,2.5504980524985883,8.677851666666667
sw_0289_r16_lr5e-05_e3_d00_s999,16,5e-05,3,0.0,999,0.9725570838081645,0.9764999151229858,2.6551467204930987,12.674946666666667
sw_0323_r16_lr1e-04_e2_d05_s789,16,0.0001,2,0.05,789,1.0081815923598998,0.9478917121887207,2.5802639817025854,8.660580000000001
sw_0167_r8_lr5e-05_e5_d00_s456,8,5e-05,5,0.0,456,0.8414497344889106,0.9769418835639954,2.6563204709110213,21.165779999999998
sw_0246_r8_lr2e-04_e3_d05_s123,8,0.0002,3,0.05,123,0.8297336267277519,0.9150457978248596,2.496889601399048,12.949036666666666
sw_0349_r16_lr1e-04_e5_d00_s999,16,0.0001,5,0.0,999,0.6158613980135178,0.9585098028182983,2.6078074291400735,21.082971666666666
sw_0144_r8_lr5e-05_e2_d05_s999,8,5e-05,2,0.05,999,1.1871242421196107,1.0139213800430298,2.7563886975210554,8.93919
sw_0007_r4_lr5e-05_e2_d05_s456,4,5e-05,2,0.05,456,1.2640143741260876,1.037401795387268,2.821875670940522,8.959746666666666
sw_0101_r4_lr2e-04_e2_d10_s123,4,0.0002,2,0.1,123,1.039759324833671,0.9412871599197388,2.563278645380242,9.109306666666667
sw_0217_r8_lr1e-04_e5_d05_s456,8,0.0001,5,0.05,456,0.7004049081853366,0.9548811316490173,2.598361701591054,21.51203
sw_0236_r8_lr2e-04_e2_d10_s123,8,0.0002,2,0.1,123,0.9888496271429215,0.9314289093017578,2.5381333500473438,8.599608333333332
sw_0038_r4_lr5e-05_e5_d05_s789,4,5e-05,5,0.05,789,0.9379761231774315,0.9599898457527161,2.61166995374594,21.996146666666668
sw_0072_r4_lr1e-04_e3_d10_s456,4,0.0001,3,0.1,456,0.9972141416952571,0.9654398560523987,2.625942439161996,13.364765
sw_0228_r8_lr2e-04_e2_d00_s789,8,0.0002,2,0.0,789,0.9820448319542217,0.9450417757034302,2.5729208619220914,8.367585
sw_0264_r8_lr2e-04_e5_d05_s999,8,0.0002,5,0.05,999,0.5872555152617673,0.9569205045700073,2.6036661371068446,21.53551
sw_0056_r4_lr1e-04_e2_d10_s123,4,0.0001,2,0.1,123,1.1341125365884546,0.9618074297904968,2.6164211999524296,9.030986666666667
sw_0116_r4_lr2e-04_e3_d10_s123,4,0.0002,3,0.1,123,0.8917008746754039,0.9264229536056519,2.525459316239231,13.408658333333333
sw_0300_r16_lr5e-05_e5_d00_s42,16,5e-05,5,0.0,42,0.7482459440588314,0.9378968477249146,2.554603045336324,21.011728333333334
sw_0137_r8_lr5e-05_e2_d00_s456,8,5e-05,2,0.0,456,1.1789166659594856,1.0079550743103027,2.739992201725385,8.594178333333334
sw_0003_r4_lr5e-05_e2_d00_s789,4,5e-05,2,0.0,789,1.26363076245721,1.0145940780639648,2.758243538546803,8.713093333333335
sw_0155_r8_lr5e-05_e3_d05_s42,8,5e-05,3,0.05,42,1.0531523984171278,0.9605043530464172,2.6130140227228784,13.045946666666667
sw_0112_r4_lr2e-04_e3_d05_s456,4,0.0002,3,0.05,456,0.8852845436748974,0.9491339325904846,2.58347122990474,13.356855
sw_0060_r4_lr1e-04_e3_d00_s42,4,0.0001,3,0.0,42,0.9961597851465943,0.9460924863815308,2.5756256780863924,13.019471666666668
sw_0146_r8_lr5e-05_e2_d10_s123,8,5e-05,2,0.1,123,1.1904805509801855,0.9805993437767029,2.6660536458455453,8.665641666666666
sw_0325_r16_lr1e-04_e2_d10_s42,16,0.0001,2,0.1,42,1.0144771841120592,0.9406219720840454,2.561574150573298,8.667465
sw_0224_r8_lr1e-04_e5_d10_s999,8,0.0001,5,0.1,999,0.7001148889409029,0.9678044319152832,2.6321590261702323,21.489568333333334
sw_0041_r4_lr5e-05_e5_d10_s123,4,5e-05,5,0.1,123,0.9397930226861474,0.9534636735916138,2.5946812419259158,22.015204999999998
sw_0337_r16_lr1e-04_e3_d05_s456,16,0.0001,3,0.05,456,0.8591292158380124,0.9466735124588013,2.577122618609275,13.104403333333332
sw_0353_r16_lr1e-04_e5_d05_s789,16,0.0001,5,0.05,789,0.6187896631618235,0.9393981099128723,2.5584410545017096,21.63809666666667
sw_0150_r8_lr5e-05_e3_d00_s42,8,5e-05,3,0.0,42,1.052861038270056,0.9594660997390747,2.6103024601596356,12.523676666666667
sw_0275_r16_lr5e-05_e2_d05_s42,16,5e-05,2,0.05,42,1.1118147513445686,0.9639124870300293,2.6219347174400185,8.698884999999999
sw_0248_r8_lr2e-04_e3_d05_s789,8,0.0002,3,0.05,789,0.825401584519847,0.9294501543045044,2.5331159717155822,13.079808333333334
sw_0100_r4_lr2e-04_e2_d10_s42,4,0.0002,2,0.1,42,1.0344510486419187,0.9437226057052612,2.569528979639935,9.022061666666668
sw_0000_r4_lr5e-05_e2_d00_s42,4,5e-05,2,0.0,42,1.2631539227490756,1.0098766088485718,2.745262253046856,8.716438333333334
sw_0034_r4_lr5e-05_e5_d00_s999,4,5e-05,5,0.0,999,0.9310107970620222,0.9913058280944824,2.69475105746021,21.455865
sw_0343_r16_lr1e-04_e3_d10_s789,16,0.0001,3,0.1,789,0.8620315024134522,0.932087779045105,2.539806200350979,12.987491666666667
sw_0110_r4_lr2e-04_e3_d05_s42,4,0.0002,3,0.05,42,0.8894443338780055,0.9317103028297424,2.5388476648422755,13.370353333333332
sw_0286_r16_lr5e-05_e3_d00_s123,16,5e-05,3,0.0,123,0.9726358455557662,0.9361582398414612,2.5501654510786027,12.633971666666667
sw_0347_r16_lr1e-04_e5_d00_s456,16,0.0001,5,0.0,456,0.6180910564361409,0.9489208459854126,2.582920785439312,21.076636666666666
sw_0370_r16_lr2e-04_e2_d10_s42,16,0.0002,2,0.1,42,0.9333770848850516,0.9240504503250122,2.5194747577258267,8.682311666666667
sw_0051_r4_lr1e-04_e2_d05_s123,4,0.0001,2,0.05,123,1.1348006687062309,0.9629049897193909,2.619294455515256,9.026771666666667
sw_0122_r4_lr2e-04_e5_d00_s456,4,0.0002,5,0.0,456,0.6489139482936758,0.9584261775016785,2.607589359536325,21.523316666666666
sw_0194_r8_lr1e-04_e2_d10_s999,8,0.0001,2,0.1,999,1.075422103392249,0.9876202940940857,2.6848377399708467,8.71139
sw_0227_r8_lr2e-04_e2_d00_s456,8,0.0002,2,0.0,456,0.9824867452529662,0.9539468884468079,2.5959353334199258,8.447123333333334
sw_0272_r16_lr5e-05_e2_d00_s456,16,5e-05,2,0.0,456,1.1036854682759167,0.9844409227371216,2.6763151991025547,8.425473333333333
sw_0282_r16_lr5e-05_e2_d10_s456,16,5e-05,2,0.1,456,1.1086715708441912,0.9843267798423767,2.6760097341721365,8.670603333333334
sw_0308_r16_lr5e-05_e5_d05_s789,16,5e-05,5,0.05,789,0.7499929963586165,0.9472216367721558,2.5785355893814716,21.649133333333335
sw_0249_r8_lr2e-04_e3_d05_s999,8,0.0002,3,0.05,999,0.8262693223256266,0.9593935608863831,2.610113118681387,12.906536666666666
sw_0127_r4_lr2e-04_e5_d05_s456,4,0.0002,5,0.05,456,0.6528411577092135,0.9542396068572998,2.5966953227104663,22.11867833333333
sw_0247_r8_lr2e-04_e3_d05_s456,8,0.0002,3,0.05,456,0.8216003142363673,0.9446101188659668,2.571810482708422,12.937201666666665
sw_0354_r16_lr1e-04_e5_d05_s999,16,0.0001,5,0.05,999,0.617821063077386,0.9587370753288269,2.608400179436842,21.655988333333333
sw_0073_r4_lr1e-04_e3_d10_s789,4,0.0001,3,0.1,789,0.9988432505339012,0.9492379426956177,2.5837399509935826,13.39667
sw_0136_r8_lr5e-05_e2_d00_s123,8,5e-05,2,0.0,123,1.1843216737961386,0.9782562255859375,2.65981407992532,8.59562
sw_0214_r8_lr1e-04_e5_d00_s999,8,0.0001,5,0.0,999,0.6930404721734358,0.9676092267036438,2.6316452651565054,20.847368333333335
sw_0166_r8_lr5e-05_e5_d00_s123,8,5e-05,5,0.0,123,0.8399828660934366,0.9476392865180969,2.5796127390352597,20.858841666666667
sw_0087_r4_lr1e-04_e5_d10_s456,4,0.0001,5,0.1,456,0.7772909919208384,0.9644545316696167,2.623356308347014,22.076020000000003
sw_0226_r8_lr2e-04_e2_d00_s123,8,0.0002,2,0.0,123,0.9865702129302816,0.9322404265403748,2.5401939249977783,8.355698333333333
sw_0389_r16_lr2e-04_e3_d10_s999,16,0.0002,3,0.1,999,0.7648285158283995,0.94853276014328,2.5819185849336255,13.015528333333332
sw_0188_r8_lr1e-04_e2_d05_s789,8,0.0001,2,0.05,789,1.0696494668562782,0.9595149755477905,2.610430043921223,8.62311
sw_0157_r8_lr5e-05_e3_d05_s456,8,5e-05,3,0.05,456,1.0549196459605308,0.9815382361412048,2.6685579587131305,13.120936666666667
sw_0240_r8_lr2e-04_e3_d00_s42,8,0.0002,3,0.0,42,0.8270867223089392,0.9255216717720032,2.5231841910543933,12.530046666666667
sw_0119_r4_lr2e-04_e3_d10_s999,4,0.0002,3,0.1,999,0.8856805623533891,0.9652517437934875,2.6254485136561723,13.4034
sw_0058_r4_lr1e-04_e2_d10_s789,4,0.0001,2,0.1,789,1.1313597454744226,0.974077045917511,2.648721434225309,9.028936666666668
sw_0086_r4_lr1e-04_e5_d10_s123,4,0.0001,5,0.1,123,0.7753131621661671,0.9364442229270935,2.5508948595574474,22.07444333333333
sw_0156_r8_lr5e-05_e3_d05_s123,8,5e-05,3,0.05,123,1.054032902135356,0.9514527320861816,2.5894687325054973,12.924303333333334
sw_0277_r16_lr5e-05_e2_d05_s456,16,5e-05,2,0.05,456,1.1057735381916882,0.9837430119514465,2.6744480214967186,8.669021666666668
sw_0005_r4_lr5e-05_e2_d05_s42,4,5e-05,2,0.05,42,1.266877342672909,1.0100558996200562,2.745754497360244,8.944338333333333
sw_0120_r4_lr2e-04_e5_d00_s42,4,0.0002,5,0.0,42,0.6542658191313718,0.9294930696487427,2.533224683592191,21.559935
sw_0178_r8_lr5e-05_e5_d10_s789,8,5e-05,5,0.1,789,0.8408486386671423,0.9584981203079224,2.6077769635806813,21.575201666666665
sw_0363_r16_lr2e-04_e2_d00_s789,16,0.0002,2,0.0,789,0.9269617968064578,0.9303987622261047,2.5355200456742075,8.447336666666667
sw_0063_r4_lr1e-04_e3_d00_s789,4,0.0001,3,0.0,789,0.9949020544687907,0.9488143920898438,2.582645838094624,13.030351666666666
sw_0381_r16_lr2e-04_e3_d05_s123,16,0.0002,3,0.05,123,0.7648634017045061,0.904160737991333,2.4698581948288187,12.970058333333332
sw_0273_r16_lr5e-05_e2_d00_s789,16,5e-05,2,0.0,789,1.1087424818844718,0.9694309234619141,2.636443694119204,8.592396666666668
sw_0040_r4_lr5e-05_e5_d10_s42,4,5e-05,5,0.1,42,0.9398680712449997,0.9575300812721252,2.6052537551624466,22.031715000000002
sw_0365_r16_lr2e-04_e2_d05_s42,16,0.0002,2,0.05,42,0.9276252124398787,0.9266421794891357,2.526013022980243,8.670586666666667
sw_0125_r4_lr2e-04_e5_d05_s42,4,0.0002,5,0.05,42,0.6536336307219643,0.9272159337997437,2.527462749694535,22.092871666666667
sw_0307_r16_lr5e-05_e5_d05_s456,16,5e-05,5,0.05,456,0.7512137994409245,0.9618901610374451,2.6166376686950845,21.71068
sw_0358_r16_lr1e-04_e5_d10_s789,16,0.0001,5,0.1,789,0.621820848383368,0.9371650218963623,2.5527342047623574,21.61301166666667
sw_0014_r4_lr5e-05_e2_d10_s999,4,5e-05,2,0.1,999,1.265225295714516,1.0369478464126587,2.8205949740807292,8.956439999999999
sw_0114_r4_lr2e-04_e3_d05_s999,4,0.0002,3,0.05,999,0.8849969226833758,0.9691458940505981,2.6356923372095973,13.39218
sw_0044_r4_lr5e-05_e5_d10_s999,4,5e-05,5,0.1,999,0.934992098680792,0.9914559721946716,2.6951556888087107,22.046201666666665
sw_0366_r16_lr2e-04_e2_d05_s123,16,0.0002,2,0.05,123,0.9316663104582598,0.9219828844070435,2.514270959037755,8.667055
sw_0134_r4_lr2e-04_e5_d10_s999,4,0.0002,5,0.1,999,0.6501197965387354,0.966864287853241,2.6296855803713015,22.004716666666663
sw_0211_r8_lr1e-04_e5_d00_s123,8,0.0001,5,0.0,123,0.6994380563338173,0.9277076721191406,2.5287059056080583,20.883513333333333
sw_0128_r4_lr2e-04_e5_d05_s789,4,0.0002,5,0.05,789,0.6510643035970269,0.9409422278404236,2.5623946408167577,22.030433333333335
sw_0271_r16_lr5e-05_e2_d00_s123,16,5e-05,2,0.0,123,1.110427797796892,0.958713710308075,2.6083392348245087,8.432746666666667
sw_0004_r4_lr5e-05_e2_d00_s999,4,5e-05,2,0.0,999,1.2642817395256165,1.0357080698013306,2.8171002331984702,8.719850000000001
sw_0385_r16_lr2e-04_e3_d10_s42,16,0.0002,3,0.1,42,0.7634288731318319,0.9216083288192749,2.513329401144776,13.018220000000001
sw_0186_r8_lr1e-04_e2_d05_s123,8,0.0001,2,0.05,123,1.0772097480488334,0.9478933215141296,2.5802681341903146,8.619411666666668
sw_0147_r8_lr5e-05_e2_d10_s456,8,5e-05,2,0.1,456,1.1831790036696164,1.0081254243850708,2.7404589993601896,8.695403333333333
sw_0346_r16_lr1e-04_e5_d00_s123,16,0.0001,5,0.0,123,0.6189177569221048,0.9162510633468628,2.4999008306487336,21.068891666666666
sw_0329_r16_lr1e-04_e2_d10_s999,16,0.0001,2,0.1,999,1.0142994819477917,0.9751220941543579,2.651490922762549,8.699796666666666
sw_0089_r4_lr1e-04_e5_d10_s999,4,0.0001,5,0.1,999,0.7712414731316388,0.9749397039413452,2.651007360868164,22.065296666666665
sw_0149_r8_lr5e-05_e2_d10_s999,8,5e-05,2,0.1,999,1.1913577401064297,1.014680027961731,2.75848061948535,8.61524
sw_0037_r4_lr5e-05_e5_d05_s456,4,5e-05,5,0.05,456,0.9381938750731116,0.9773497581481934,2.657404137503598,22.016891666666666
sw_0168_r8_lr5e-05_e5_d00_s789,8,5e-05,5,0.0,789,0.8361016732486174,0.9598017334938049,2.6111787128170794,20.878321666666668
sw_0239_r8_lr2e-04_e2_d10_s999,8,0.0002,2,0.1,999,0.9871838054554986,0.9712967872619629,2.6413675311450535,9.686643333333334
sw_0361_r16_lr2e-04_e2_d00_s123,16,0.0002,2,0.0,123,0.93058756201025,0.9248202443122864,2.521414980935682,8.409358333333333
sw_0183_r8_lr1e-04_e2_d00_s789,8,0.0001,2,0.0,789,1.069410653037821,0.9583370685577393,2.6073570103546184,8.446591666666666
sw_0367_r16_lr2e-04_e2_d05_s456,16,0.0002,2,0.05,456,0.9292661034487149,0.9433448314666748,2.5685584611161163,8.672073333333334
sw_0297_r16_lr5e-05_e3_d10_s456,16,5e-05,3,0.1,456,0.976323648649741,0.9626248478889465,2.618560784342806,13.00407
sw_0088_r4_lr1e-04_e5_d10_s789,4,0.0001,5,0.1,789,0.7737827499920034,0.9490441083908081,2.5832391820910368,22.027171666666668
sw_0265_r8_lr2e-04_e5_d10_s42,8,0.0002,5,0.1,42,0.5904804928417512,0.9216299653053284,2.513383781349608,21.587621666666667
sw_0242_r8_lr2e-04_e3_d00_s456,8,0.0002,3,0.0,456,0.8251659583811667,0.9454333186149597,2.573928468095158,12.532061666666667
sw_0299_r16_lr5e-05_e3_d10_s999,16,5e-05,3,0.1,999,0.9754379405482355,0.9779472351074219,2.658992349659953,12.976946666666667
sw_0199_r8_lr1e-04_e3_d00_s999,8,0.0001,3,0.0,999,0.9269214057879864,0.9716396331787109,2.642273268473038,12.522896666666666
sw_0350_r16_lr1e-04_e5_d05_s42,16,0.0001,5,0.05,42,0.6243452253188679,0.9248393177986145,2.5214630735684938,21.667928333333336
sw_0180_r8_lr1e-04_e2_d00_s42,8,0.0001,2,0.0,42,1.0722270521888122,0.9526946544647217,2.5926866494608634,8.395761666666667
sw_0235_r8_lr2e-04_e2_d10_s42,8,0.0002,2,0.1,42,0.9862039152951164,0.9361752867698669,2.5502089239370083,8.635891666666668
sw_0173_r8_lr5e-05_e5_d05_s789,8,5e-05,5,0.05,789,0.8405381875879624,0.9585914611816406,2.6080203871214307,21.728898333333333
sw_0198_r8_lr1e-04_e3_d00_s789,8,0.0001,3,0.0,789,0.9245106620372086,0.938621997833252,2.556456187833445,12.659676666666666
sw_0029_r4_lr5e-05_e3_d10_s999,4,5e-05,3,0.1,999,1.133335572088041,1.0088552236557007,2.74245971431047,13.376961666666666
sw_0020_r4_lr5e-05_e3_d05_s42,4,5e-05,3,0.05,42,1.1343835582707655,0.9796078205108643,2.6634115017178646,13.162333333333333
sw_0266_r8_lr2e-04_e5_d10_s123,8,0.0002,5,0.1,123,0.589360221567001,0.9179925322532654,2.5042581231579066,22.479533333333332
sw_0278_r16_lr5e-05_e2_d05_s789,16,5e-05,2,0.05,789,1.1101458722894841,0.970444917678833,2.639118388611474,8.711025000000001
sw_0091_r4_lr2e-04_e2_d00_s123,4,0.0002,2,0.0,123,1.0399821123337363,0.9396776556968689,2.559156355887185,8.776271666666666
sw_0171_r8_lr5e-05_e5_d05_s123,8,5e-05,5,0.05,123,0.8425659511178573,0.9482629895210266,2.5812221530930093,21.474555000000002
sw_0055_r4_lr1e-04_e2_d10_s42,4,0.0001,2,0.1,42,1.1327786063127976,0.9692884087562561,2.6360679888945486,9.034743333333333
sw_0032_r4_lr5e-05_e5_d00_s456,4,5e-05,5,0.0,456,0.9359413463164141,0.9790980815887451,2.662054203173157,21.45741333333333
sw_0276_r16_lr5e-05_e2_d05_s123,16,5e-05,2,0.05,123,1.1116932190675786,0.9589998126029968,2.6090855934278903,8.708599999999999
sw_0090_r4_lr2e-04_e2_d00_s42,4,0.0002,2,0.0,42,1.033634851323092,0.9421388506889343,2.565462696077276,8.780045
sw_0139_r8_lr5e-05_e2_d00_s999,8,5e-05,2,0.0,999,1.185204972557843,1.014211893081665,2.7571895807051034,8.646208333333334
sw_0026_r4_lr5e-05_e3_d10_s123,4,5e-05,3,0.1,123,1.1344407051004828,0.970004141330719,2.6379553839771983,13.364115
sw_0310_r16_lr5e-05_e5_d10_s42,16,5e-05,5,0.1,42,0.7530774228713092,0.9377855658531189,2.5543187801448193,21.59810333333333
sw_0339_r16_lr1e-04_e3_d05_s999,16,0.0001,3,0.05,999,0.8618016969711385,0.9635578393936157,2.621005019357006,13.059318333333332
sw_0374_r16_lr2e-04_e2_d10_s999,16,0.0002,2,0.1,999,0.9346074191006747,0.9621564745903015,2.6173346075671873,8.674085
sw_0252_r8_lr2e-04_e3_d10_s456,8,0.0002,3,0.1,456,0.827260405383008,0.9435625672340393,2.569117789054307,12.949653333333334
sw_0126_r4_lr2e-04_e5_d05_s123,4,0.0002,5,0.05,123,0.6533870865316952,0.9250134229660034,2.521902111537263,22.074968333333334
sw_0065_r4_lr1e-04_e3_d05_s42,4,0.0001,3,0.05,42,0.9991780274054584,0.9473876953125,2.5789638127917636,13.338648333333333
sw_0225_r8_lr2e-04_e2_d00_s42,8,0.0002,2,0.0,42,0.9829819648661078,0.9338294267654419,2.5442335023109757,8.592875
sw_0237_r8_lr2e-04_e2_d10_s456,8,0.0002,2,0.1,456,0.9836386461308934,0.9556455016136169,2.600348570487632,8.610700000000001
sw_0234_r8_lr2e-04_e2_d05_s999,8,0.0002,2,0.05,999,0.9850122890370415,0.9696648716926575,2.6370605576111457,8.639008333333333
sw_0311_r16_lr5e-05_e5_d10_s123,16,5e-05,5,0.1,123,0.7524015543932583,0.9325884580612183,2.541078146412269,21.635044999999998
sw_0331_r16_lr1e-04_e3_d00_s123,16,0.0001,3,0.0,123,0.8596247562112656,0.9200791716575623,2.5094890624802875,12.646663333333333
sw_0263_r8_lr2e-04_e5_d05_s789,8,0.0002,5,0.05,789,0.5852947017088294,0.941249668598175,2.56318254647774,21.57788
sw_0260_r8_lr2e-04_e5_d05_s42,8,0.0002,5,0.05,42,0.5892069253054533,0.9246529340744019,2.520993157684074,21.43326
sw_0042_r4_lr5e-05_e5_d10_s456,4,5e-05,5,0.1,456,0.9420824601688487,0.9779545068740845,2.6590116853021795,22.042688333333334
sw_0066_r4_lr1e-04_e3_d05_s123,4,0.0001,3,0.05,123,0.995714311506234,0.9398883581161499,2.559695633134204,13.407713333333334
sw_0285_r16_lr5e-05_e3_d00_s42,16,5e-05,3,0.0,42,0.9743837487888846,0.9419964551925659,2.5650974117512924,12.644803333333334
sw_0047_r4_lr1e-04_e2_d00_s456,4,0.0001,2,0.0,456,1.124484582380815,0.9876987934112549,2.6850485061725378,8.771568333333333
sw_0372_r16_lr2e-04_e2_d10_s456,16,0.0002,2,0.1,456,0.931339243516565,0.9465103149414062,2.576702072912836,8.689966666666667
sw_0274_r16_lr5e-05_e2_d00_s999,16,5e-05,2,0.0,999,1.1080219681887704,0.9957715272903442,2.706811915128152,8.452651666666666
sw_0220_r8_lr1e-04_e5_d10_s42,8,0.0001,5,0.1,42,0.7023917514372637,0.9317089319229126,2.5388441843210576,21.86726666666667
sw_0221_r8_lr1e-04_e5_d10_s123,8,0.0001,5,0.1,123,0.7011121999771199,0.9287447333335876,2.5313296887021925,21.532701666666664
sw_0279_r16_lr5e-05_e2_d05_s999,16,5e-05,2,0.05,999,1.111766488794337,0.9970781207084656,2.710350929283372,8.67276
sw_0348_r16_lr1e-04_e5_d00_s789,16,0.0001,5,0.0,789,0.6174205338891178,0.9386300444602966,2.556476758765708,21.013575
sw_0355_r16_lr1e-04_e5_d10_s42,16,0.0001,5,0.1,42,0.6244452963538348,0.9234930872917175,2.518070886901745,21.60087
sw_0352_r16_lr1e-04_e5_d05_s456,16,0.0001,5,0.05,456,0.6204465516748275,0.948332667350769,2.581402013316782,21.604186666666667
sw_0203_r8_lr1e-04_e3_d05_s789,8,0.0001,3,0.05,789,0.9275437002725992,0.9388607740402222,2.5570666816280574,13.017043333333334
sw_0287_r16_lr5e-05_e3_d00_s456,16,5e-05,3,0.0,456,0.9724736394835454,0.9629926085472107,2.6195239650796958,12.640195
sw_0197_r8_lr1e-04_e3_d00_s456,8,0.0001,3,0.0,456,0.9285857494980256,0.9560583233833313,2.6014222725949288,12.560625
sw_0117_r4_lr2e-04_e3_d10_s456,4,0.0002,3,0.1,456,0.8876238107256286,0.9498523473739624,2.5853279006790038,13.427518333333333
sw_0111_r4_lr2e-04_e3_d05_s123,4,0.0002,3,0.05,123,0.8915723168063716,0.9235453009605408,2.518202368053634,13.396783333333333
sw_0130_r4_lr2e-04_e5_d10_s42,4,0.0002,5,0.1,42,0.6569494275485768,0.9289027452468872,2.531729700551983,22.00056
sw_0105_r4_lr2e-04_e3_d00_s42,4,0.0002,3,0.0,42,0.889032876215304,0.9327723383903503,2.541545443660251,13.050263333333334
sw_0071_r4_lr1e-04_e3_d10_s123,4,0.0001,3,0.1,123,0.9980439970837557,0.9401723146438599,2.560422578623757,13.332095
sw_0039_r4_lr5e-05_e5_d05_s999,4,5e-05,5,0.05,999,0.9334961722878848,0.9926900267601013,2.6984837110491977,22.009149999999998
sw_0129_r4_lr2e-04_e5_d05_s999,4,0.0002,5,0.05,999,0.6515503633468547,0.9641281366348267,2.6225001975962337,22.078593333333334
sw_0011_r4_lr5e-05_e2_d10_s123,4,5e-05,2,0.1,123,1.2657690889695112,1.004686951637268,2.7310521875755356,8.937508333333334
sw_0216_r8_lr1e-04_e5_d05_s123,8,0.0001,5,0.05,123,0.6998481434296797,0.9259466528892517,2.5242567245780365,21.554933333333334
sw_0309_r16_lr5e-05_e5_d05_s999,16,5e-05,5,0.05,999,0.7447778788479892,0.972934901714325,2.645697939355601,21.612611666666666
